,county,Population
0,Autauga,61464
1,Baldwin,261608
2,Barbour,24358
3,Bibb,22258
4,Blount,60163
5,Bullock,9901
6,Butler,18256
7,Calhoun,116427
8,Chambers,33813
9,Cherokee,26138
10,Chilton,47262
11,Choctaw,12052
12,Clarke,22142
13,Clay,14239
14,Cleburne,15905
15,Coffee,56358
16,Colbert,58785
17,Conecuh,11109
18,Coosa,10291
19,Covington,37748
20,Crenshaw,13114
21,Cullman,92604
22,Dale,50067
23,Dallas,35545
24,DeKalb,73122
25,Elmore,91042
26,Escambia,36630
27,Etowah,103207
28,Fayette,15863
29,Franklin,31874
30,Geneva,27259
31,Greene,7127
32,Hale,15116
33,Henry,18141
34,Houston,109366
35,Jackson,53780
36,Jefferson,664744
37,Lamar,13543
38,Lauderdale,97502
39,Lawrence,33567
40,Lee,187847
41,Limestone,118942
42,Lowndes,9485
43,Macon,18159
44,Madison,423355
45,Marengo,18512
46,Marion,29323
47,Marshall,102156
48,Mobile,412339
49,Monroe,19057
50,Montgomery,225894
51,Morgan,126084
52,Perry,7719
53,Pickens,18508
54,Pike,33124
55,Randolph,23067
56,Russell,58837
57,St. Clair,96927
58,Shelby,235969
59,Sumter,11607
60,Talladega,81375
61,Tallapoosa,40699
62,Tuscaloosa,241212
63,Walker,65260
64,Washington,15018
65,Wilcox,9865
66,Winston,23869
67,,3632
68,,5424
69,,289600
70,,18237
71,,884
72,,6604
73,,2631
74,,1621
75,,4642
76,,94951
77,,2104
78,,2312
79,,31572
80,,61259
81,,13677
82,,12654
83,,7946
84,,1315
85,,117613
86,,9836
87,,10663
88,,7134
89,,3436
90,,5746
91,,8355
92,,1119
93,,7313
94,,2064
95,,690
96,,5099
97,Apache,64800
98,Cochise,125773
99,Coconino,145161
100,Gila,54073
101,Graham,40242
102,Greenlee,9410
103,La Paz,16992
104,Maricopa,4673096
105,Mohave,226479
106,Navajo,109516
107,Pima,1080149
108,Pinal,513862
109,Santa Cruz,50508
110,Yavapai,252013
111,Yuma,220310
112,Arkansas,16050
113,Ashley,17984
114,Baxter,43007
115,Benton,321566
116,Boone,38636
117,Bradley,9935
118,Calhoun,4690
119,Carroll,28968
120,Chicot,9272
121,Clark,20920
122,Clay,14112
123,Cleburne,25646
124,Cleveland,7367
125,Columbia,22024
126,Conway,21422
127,Craighead,115852
128,Crawford,62258
129,Crittenden,46633
130,Cross,16194
131,Dallas,6076
132,Desha,10321
133,Drew,16935
134,Faulkner,131611
135,Franklin,17586
136,Fulton,12546
137,Garland,99902
138,Grant,18546
139,Greene,46928
140,Hempstead,19105
141,Hot Spring,33313
142,Howard,12387
143,Independence,38345
144,Izard,14291
145,Jackson,16673
146,Jefferson,63672
147,Johnson,26172
148,Lafayette,6015
149,Lawrence,16305
150,Lee,8104
151,Lincoln,12868
152,Little River,11626
153,Logan,21457
154,Lonoke,76389
155,Madison,17865
156,Marion,17593
157,Miller,41958
158,Mississippi,38095
159,Monroe,6415
160,Montgomery,8510
161,Nevada,8004
162,Newton,7026
163,Ouachita,21684
164,Perry,10251
165,Phillips,14661
166,Pike,10027
167,Poinsett,22300
168,Polk,19434
169,Pope,64829
170,Prairie,7935
171,Pulaski,401209
172,Randolph,19040
173,St. Francis,21822
174,Saline,131252
175,Scott,9837
176,Searcy,7836
177,Sebastian,130035
178,Sevier,15735
179,Sharp,18130
180,Stone,12785
181,Union,37008
182,Van Buren,16152
183,Washington,266184
184,White,79091
185,Woodruff,5808
186,Yell,20134
187,Alameda,1649060
188,Alpine,1099
189,Amador,42026
190,Butte,208334
191,Calaveras,46505
192,Colusa,22074
193,Contra Costa,1172607
194,Del Norte,27009
195,El Dorado,192823
196,Fresno,1024125
197,Glenn,28304
198,Humboldt,132380
199,Imperial,181724
200,Inyo,18485
201,Kern,922529
202,Kings,154913
203,Lake,67764
204,Lassen,28340
205,Los Angeles,9757179
206,Madera,165432
207,Marin,256400
208,Mariposa,17048
209,Mendocino,89175
210,Merced,296774
211,Modoc,8491
212,Mono,12991
213,Monterey,436251
214,Napa,132727
215,Nevada,102195
216,Orange,3170435
217,Placer,433822
218,Plumas,18834
219,Riverside,2529933
220,Sacramento,1611231
221,San Benito,69159
222,San Bernardino,2214281
223,San Diego,3298799
224,San Francisco,827526
225,San Joaquin,816108
226,San Luis Obispo,281843
227,San Mateo,742893
228,Santa Barbara,444500
229,Santa Clara,1926325
230,Santa Cruz,262406
231,Shasta,181121
232,Sierra,3113
233,Siskiyou,42498
234,Solano,455101
235,Sonoma,485375
236,Stanislaus,556972
237,Sutter,98545
238,Tehama,64451
239,Trinity,15642
240,Tulare,483546
241,Tuolumne,53893
242,Ventura,835427
243,Yolo,225251
244,Yuba,87469
245,Adams,542973
246,Alamosa,16689
247,Arapahoe,666918
248,Archuleta,14112
249,Baca,3367
250,Bent,5779
251,Boulder,330262
252,Broomfield,78323
253,Chaffee,20780
254,Cheyenne,1712
255,Clear Creek,9076
256,Conejos,7549
257,Costilla,3686
258,Crowley,5600
259,Custer,5553
260,Delta,32215
261,Denver,729019
262,Dolores,2467
263,Douglas,393995
264,Eagle,54330
265,Elbert,29382
266,El Paso,752772
267,Fremont,50093
268,Garfield,63167
269,Gilpin,5963
270,Grand,16154
271,Gunnison,17310
272,Hinsdale,747
273,Huerfano,6988
274,Jackson,1273
275,Jefferson,578533
276,Kiowa,1392
277,Kit Carson,7080
278,Lake,7369
279,La Plata,56823
280,Larimer,374574
281,Las Animas,14518
282,Lincoln,5598
283,Logan,20755
284,Mesa,161260
285,Mineral,933
286,Moffat,13142
287,Montezuma,26841
288,Montrose,44806
289,Morgan,30300
290,Otero,17991
291,Ouray,5197
292,Park,18316
293,Phillips,4488
294,Pitkin,16643
295,Prowers,11957
296,Pueblo,169866
297,Rio Blanco,6607
298,Rio Grande,11132
299,Routt,25243
300,Saguache,6670
301,San Juan,821
302,San Miguel,7819
303,Sedgwick,2257
304,Summit,30882
305,Teller,24862
306,Washington,4771
307,Weld,369745
308,Yuma,10048
309,,991508
310,,335666
311,,177540
312,,462220
313,,97701
314,,114101
315,,576718
316,,282602
317,,637013
318,Kent,192690
319,New Castle,588093
320,Sussex,271134
321,,702250
322,Alachua,291782
323,Baker,29325
324,Bay,199718
325,Bradford,28075
326,Brevard,658447
327,Broward,2037472
328,Calhoun,13278
329,Charlotte,212122
330,Citrus,170174
331,Clay,236760
332,Collier,416233
333,Columbia,73977
334,DeSoto,36744
335,Dixie,17614
336,Duval,1055159
337,Escambia,331275
338,Flagler,136744
339,Franklin,12979
340,Gadsden,44151
341,Gilchrist,20233
342,Glades,13132
343,Gulf,15876
344,Hamilton,14334
345,Hardee,26068
346,Hendry,46130
347,Hernando,218150
348,Highlands,109778
349,Hillsborough,1581426
350,Holmes,19876
351,Indian River,172139
352,Jackson,49980
353,Jefferson,15921
354,Lafayette,8640
355,Lake,444204
356,Lee,860959
357,Leon,300488
358,Levy,47765
359,Liberty,7955
360,Madison,18364
361,Manatee,458352
362,Marion,428905
363,Martin,165666
364,Miami-Dade,2838461
365,Monroe,80908
366,Nassau,104376
367,Okaloosa,220483
368,Okeechobee,42369
369,Orange,1533646
370,Osceola,468058
371,Palm Beach,1582055
372,Pasco,659114
373,Pinellas,965870
374,Polk,852878
375,Putnam,77301
376,St. Johns,334928
377,St. Lucie,390670
378,Santa Rosa,207653
379,Sarasota,476604
380,Seminole,494605
381,Sumter,154693
382,Suwannee,47536
383,Taylor,21843
384,Union,15738
385,Volusia,602772
386,Wakulla,37115
387,Walton,89666
388,Washington,26503
389,Appling,18669
390,Atkinson,8435
391,Bacon,11045
392,Baker,2732
393,Baldwin,43644
394,Banks,20318
395,Barrow,96294
396,Bartow,117508
397,Ben Hill,16945
398,Berrien,18666
399,Bibb,157056
400,Bleckley,12626
401,Brantley,18795
402,Brooks,16344
403,Bryan,51105
404,Bulloch,85454
405,Burke,24472
406,Butts,27127
407,Calhoun,5441
408,Camden,59099
409,Candler,11130
410,Carroll,129911
411,Catoosa,68940
412,Charlton,13021
413,Chatham,307336
414,Chattahoochee,8548
415,Chattooga,25306
416,Cherokee,293513
417,Clarke,129995
418,Clay,2815
419,Clayton,297703
420,Clinch,6871
421,Cobb,787538
422,Coffee,43851
423,Colquitt,46977
424,Columbia,167472
425,Cook,17984
426,Coweta,158233
427,Crawford,12349
428,Crisp,19468
429,Dade,16068
430,Dawson,33748
431,Decatur,29391
432,DeKalb,770307
433,Dodge,19630
434,Dooly,11186
435,Dougherty,82418
436,Douglas,151887
437,Early,10444
438,Echols,3698
439,Effingham,73148
440,Elbert,20152
441,Emanuel,23224
442,Evans,10869
443,Fannin,25854
444,Fayette,125107
445,Floyd,101390
446,Forsyth,280096
447,Franklin,25208
448,Fulton,1090354
449,Gilmer,33327
450,Glascock,3008
451,Glynn,86540
452,Gordon,60765
453,Grady,26271
454,Greene,21091
455,Gwinnett,1003869
456,Habersham,49665
457,Hall,221745
458,Hancock,8683
459,Haralson,32404
460,Harris,36929
461,Hart,28052
462,Heard,12119
463,Henry,259315
464,Houston,174897
465,Irwin,9155
466,Jackson,93825
467,Jasper,17219
468,Jeff Davis,15119
469,Jefferson,15019
470,Jenkins,8836
471,Johnson,9178
472,Jones,29047
473,Lamar,20690
474,Lanier,10464
475,Laurens,50287
476,Lee,34073
477,Liberty,68607
478,Lincoln,8049
479,Long,20439
480,Lowndes,122082
481,Lumpkin,36016
482,McDuffie,21764
483,McIntosh,11800
484,Macon,11831
485,Madison,32771
486,Marion,7635
487,Meriwether,21439
488,Miller,5824
489,Mitchell,20329
490,Monroe,31437
491,Montgomery,8566
492,Morgan,21940
493,Murray,41316
494,Muscogee,201830
495,Newton,124010
496,Oconee,44751
497,Oglethorpe,16172
498,Paulding,188549
499,Peach,29213
500,Pickens,36580
501,Pierce,20669
502,Pike,20669
503,Polk,44610
504,Pulaski,10180
505,Putnam,23383
506,Quitman,2323
507,Rabun,17711
508,Randolph,6085
509,Richmond,206303
510,Rockdale,97610
511,Schley,4503
512,Screven,14325
513,Seminole,9274
514,Spalding,70292
515,Stephens,27498
516,Stewart,4809
517,Sumter,28972
518,Talbot,5755
519,Taliaferro,1620
520,Tattnall,24275
521,Taylor,7783
522,Telfair,11000
523,Terrell,8698
524,Thomas,46054
525,Tift,41708
526,Toombs,27488
527,Towns,13184
528,Treutlen,6420
529,Troup,71513
530,Turner,9023
531,Twiggs,7728
532,Union,27601
533,Upson,28358
534,Walker,69340
535,Walton,109792
536,Ware,36222
537,Warren,5148
538,Washington,19834
539,Wayne,32132
540,Webster,2315
541,Wheeler,7076
542,White,29668
543,Whitfield,105070
544,Wilcox,8904
545,Wilkes,9567
546,Wilkinson,8667
547,Worth,20262
548,Hawaii,209790
549,Honolulu,998747
550,Kalawao,81
551,Kauai,73840
552,Maui,163688
553,Ada,535799
554,Adams,4998
555,Bannock,91010
556,Bear Lake,6779
557,Benewah,10529
558,Bingham,50889
559,Blaine,25261
560,Boise,8581
561,Bonner,53955
562,Bonneville,133644
563,Boundary,14040
564,Butte,2735
565,Camas,1247
566,Canyon,266892
567,Caribou,7239
568,Cassia,25976
569,Clark,794
570,Clearwater,9151
571,Custer,4597
572,Elmore,29729
573,Franklin,15638
574,Fremont,14399
575,Gem,21857
576,Gooding,16189
577,Idaho,17912
578,Jefferson,34854
579,Jerome,26056
580,Kootenai,188323
581,Latah,42180
582,Lemhi,8397
583,Lewis,3728
584,Lincoln,5556
585,Madison,55549
586,Minidoka,22691
587,Nez Perce,42847
588,Oneida,4976
589,Owyhee,12748
590,Payette,27662
591,Power,8381
592,Shoshone,14074
593,Teton,12932
594,Twin Falls,96509
595,Valley,12777
596,Washington,11539
597,Adams,64109
598,Alexander,4594
599,Bond,16576
600,Boone,53313
601,Brown,6307
602,Bureau,32486
603,Calhoun,4224
604,Carroll,15444
605,Cass,12713
606,Champaign,212374
607,Christian,33247
608,Clark,15076
609,Clay,12821
610,Clinton,37087
611,Coles,46423
612,Cook,5182617
613,Crawford,18388
614,Cumberland,10305
615,DeKalb,101335
616,De Witt,15319
617,Douglas,19824
618,DuPage,937142
619,Edgar,16398
620,Edwards,5984
621,Effingham,34602
622,Fayette,21157
623,Ford,13451
624,Franklin,37033
625,Fulton,32510
626,Gallatin,4690
627,Greene,11417
628,Grundy,53835
629,Hamilton,7818
630,Hancock,17008
631,Hardin,3550
632,Henderson,6048
633,Henry,48177
634,Iroquois,26067
635,Jackson,53199
636,Jasper,9092
637,Jefferson,36107
638,Jersey,21150
639,Jo Daviess,21528
640,Johnson,13320
641,Kane,520997
642,Kankakee,106410
643,Kendall,143171
644,Knox,48716
645,Lake,718604
646,LaSalle,108390
647,Lawrence,14801
648,Lee,33544
649,Livingston,35375
650,Logan,27518
651,McDonough,26662
652,McHenry,315959
653,McLean,172069
654,Macon,100737
655,Macoupin,43895
656,Madison,263017
657,Marion,36437
658,Marshall,11552
659,Mason,12543
660,Massac,13627
661,Menard,11963
662,Mercer,15292
663,Monroe,34969
664,Montgomery,27615
665,Morgan,32618
666,Moultrie,14365
667,Ogle,51345
668,Peoria,179630
669,Perry,20272
670,Piatt,16628
671,Pike,14258
672,Pope,3703
673,Pulaski,4879
674,Putnam,5633
675,Randolph,29903
676,Richland,15362
677,Rock Island,142731
678,St. Clair,251149
679,Saline,22826
680,Sangamon,194345
681,Schuyler,6750
682,Scott,4880
683,Shelby,20542
684,Stark,5272
685,Stephenson,43088
686,Tazewell,129821
687,Union,16886
688,Vermilion,71106
689,Wabash,10979
690,Warren,16217
691,Washington,13535
692,Wayne,15928
693,White,13395
694,Whiteside,54657
695,Will,708583
696,Williamson,67064
697,Winnebago,283790
698,Woodford,38290
699,Adams,36584
700,Allen,399295
701,Bartholomew,84741
702,Benton,8853
703,Blackford,11816
704,Boone,78773
705,Brown,15650
706,Carroll,20747
707,Cass,37559
708,Clark,127479
709,Clay,26424
710,Clinton,32895
711,Crawford,10523
712,Daviess,34097
713,Dearborn,51435
714,Decatur,26421
715,DeKalb,44330
716,Delaware,112951
717,Dubois,43629
718,Elkhart,207436
719,Fayette,23335
720,Floyd,81931
721,Fountain,16833
722,Franklin,23136
723,Fulton,20004
724,Gibson,33038
725,Grant,66458
726,Greene,31219
727,Hamilton,379704
728,Hancock,88810
729,Harrison,39978
730,Hendricks,190629
731,Henry,49081
732,Howard,84082
733,Huntington,36944
734,Jackson,47420
735,Jasper,33387
736,Jay,20164
737,Jefferson,32921
738,Jennings,27634
739,Johnson,170614
740,Knox,35872
741,Kosciusko,80669
742,LaGrange,41122
743,Lake,502955
744,LaPorte,111348
745,Lawrence,45192
746,Madison,134222
747,Marion,981628
748,Marshall,46464
749,Martin,9864
750,Miami,35613
751,Monroe,140702
752,Montgomery,38633
753,Morgan,73825
754,Newton,14131
755,Noble,47811
756,Ohio,5996
757,Orange,19824
758,Owen,21851
759,Parke,16508
760,Perry,19320
761,Pike,12116
762,Porter,175860
763,Posey,25067
764,Pulaski,12421
765,Putnam,37804
766,Randolph,24337
767,Ripley,29214
768,Rush,16759
769,St. Joseph,273744
770,Scott,24751
771,Shelby,45654
772,Spencer,20192
773,Starke,23463
774,Steuben,34862
775,Sullivan,20768
776,Switzerland,9988
777,Tippecanoe,191650
778,Tipton,15324
779,Union,6884
780,Vanderburgh,180387
781,Vermillion,15516
782,Vigo,106166
783,Wabash,30777
784,Warren,8451
785,Warrick,66339
786,Washington,28345
787,Wayne,66410
788,Wells,28798
789,White,24833
790,Whitley,34885
791,Adair,7431
792,Adams,3606
793,Allamakee,14184
794,Appanoose,12106
795,Audubon,5562
796,Benton,25799
797,Black Hawk,132348
798,Boone,26729
799,Bremer,25328
800,Buchanan,20733
801,Buena Vista,20816
802,Butler,14156
803,Calhoun,9711
804,Carroll,20407
805,Cass,13024
806,Cedar,18231
807,Cerro Gordo,42493
808,Cherokee,11658
809,Chickasaw,11719
810,Clarke,9524
811,Clay,16474
812,Clayton,16931
813,Clinton,46015
814,Crawford,16378
815,Dallas,115343
816,Davis,9193
817,Decatur,7656
818,Delaware,17609
819,Des Moines,38411
820,Dickinson,18158
821,Dubuque,99242
822,Emmet,9162
823,Fayette,19152
824,Floyd,15008
825,Franklin,10024
826,Fremont,6494
827,Greene,8662
828,Grundy,12405
829,Guthrie,10774
830,Hamilton,14856
831,Hancock,10616
832,Hardin,16464
833,Harrison,14626
834,Henry,19361
835,Howard,9360
836,Humboldt,9617
837,Ida,6810
838,Iowa,16423
839,Jackson,19390
840,Jasper,38107
841,Jefferson,15781
842,Johnson,160080
843,Jones,21116
844,Keokuk,9855
845,Kossuth,14408
846,Lee,32376
847,Linn,231762
848,Louisa,10630
849,Lucas,8758
850,Lyon,12378
851,Madison,17161
852,Mahaska,22034
853,Marion,34048
854,Marshall,40392
855,Mills,14717
856,Mitchell,10632
857,Monona,8429
858,Monroe,7373
859,Montgomery,10063
860,Muscatine,42132
861,O'Brien,14260
862,Osceola,6036
863,Page,15038
864,Palo Alto,8809
865,Plymouth,25825
866,Pocahontas,7006
867,Polk,516185
868,Pottawattamie,93529
869,Poweshiek,18454
870,Ringgold,4608
871,Sac,9533
872,Scott,175601
873,Shelby,11821
874,Sioux,36554
875,Story,102498
876,Tama,16738
877,Taylor,5825
878,Union,11955
879,Van Buren,7217
880,Wapello,35681
881,Warren,56343
882,Washington,22631
883,Wayne,6622
884,Webster,36909
885,Winnebago,10383
886,Winneshiek,19723
887,Woodbury,107257
888,Worth,7307
889,Wright,12729
890,Allen,12425
891,Anderson,7908
892,Atchison,16249
893,Barber,4070
894,Barton,24835
895,Bourbon,14424
896,Brown,9142
897,Butler,69158
898,Chase,2507
899,Chautauqua,3339
900,Cherokee,19133
901,Cheyenne,2646
902,Clark,1873
903,Clay,7969
904,Cloud,8723
905,Coffey,8301
906,Comanche,1694
907,Cowley,34186
908,Crawford,38904
909,Decatur,2716
910,Dickinson,18621
911,Doniphan,7575
912,Douglas,121989
913,Edwards,2731
914,Elk,2436
915,Ellis,29007
916,Ellsworth,6316
917,Finney,38354
918,Ford,34072
919,Franklin,26273
920,Geary,35459
921,Gove,2658
922,Graham,2370
923,Grant,7097
924,Gray,5730
925,Greeley,1152
926,Greenwood,5871
927,Hamilton,2488
928,Harper,5413
929,Harvey,33642
930,Haskell,3591
931,Hodgeman,1673
932,Jackson,13525
933,Jefferson,18332
934,Jewell,2899
935,Johnson,632276
936,Kearny,3808
937,Kingman,6946
938,Kiowa,2436
939,Labette,19692
940,Lane,1482
941,Leavenworth,84670
942,Lincoln,2928
943,Linn,9841
944,Logan,2694
945,Lyon,32520
946,McPherson,30334
947,Marion,11670
948,Marshall,9950
949,Meade,3892
950,Miami,35737
951,Mitchell,5803
952,Montgomery,30459
953,Morris,5279
954,Morton,2485
955,Nemaha,10062
956,Neosho,15552
957,Ness,2617
958,Norton,5335
959,Osage,15737
960,Osborne,3353
961,Ottawa,5853
962,Pawnee,6012
963,Phillips,4733
964,Pottawatomie,26876
965,Pratt,9137
966,Rawlins,2432
967,Reno,61417
968,Republic,4613
969,Rice,9284
970,Riley,72557
971,Rooks,4748
972,Rush,2810
973,Russell,6620
974,Saline,53459
975,Scott,4914
976,Sedgwick,536081
977,Seward,21276
978,Shawnee,177942
979,Sheridan,2397
980,Sherman,5796
981,Smith,3541
982,Stafford,3901
983,Stanton,2071
984,Stevens,5035
985,Sumner,22336
986,Thomas,7802
987,Trego,2774
988,Wabaunsee,7112
989,Wallace,1472
990,Washington,5572
991,Wichita,2072
992,Wilson,8398
993,Woodson,3111
994,Wyandotte,169418
995,Adair,19239
996,Allen,22037
997,Anderson,24883
998,Ballard,7626
999,Barren,45609
1000,Bath,12951
1001,Bell,23051
1002,Boone,144135
1003,Bourbon,20333
1004,Boyd,47777
1005,Boyle,31394
1006,Bracken,8497
1007,Breathitt,12804
1008,Breckinridge,21221
1009,Bullitt,85802
1010,Butler,12551
1011,Caldwell,12611
1012,Calloway,38975
1013,Campbell,94008
1014,Carlisle,4777
1015,Carroll,11111
1016,Carter,26098
1017,Casey,15948
1018,Christian,71006
1019,Clark,37673
1020,Clay,19592
1021,Clinton,9183
1022,Crittenden,8982
1023,Cumberland,6047
1024,Daviess,104457
1025,Edmonson,12635
1026,Elliott,7263
1027,Estill,14002
1028,Fayette,329437
1029,Fleming,15591
1030,Floyd,34532
1031,Franklin,52442
1032,Fulton,6282
1033,Gallatin,8805
1034,Garrard,18040
1035,Grant,25722
1036,Graves,36821
1037,Grayson,27070
1038,Green,11552
1039,Greenup,35273
1040,Hancock,9013
1041,Hardin,112826
1042,Harlan,25052
1043,Harrison,19525
1044,Hart,19923
1045,Henderson,44175
1046,Henry,16198
1047,Hickman,4393
1048,Hopkins,45218
1049,Jackson,13358
1050,Jefferson,793881
1051,Jessamine,56495
1052,Johnson,22098
1053,Kenton,174862
1054,Knott,13438
1055,Knox,29657
1056,Larue,15128
1057,Laurel,63353
1058,Lawrence,15798
1059,Lee,7313
1060,Leslie,9729
1061,Letcher,20139
1062,Lewis,12875
1063,Lincoln,24910
1064,Livingston,8815
1065,Logan,28467
1066,Lyon,9078
1067,McCracken,67550
1068,McCreary,16824
1069,McLean,9126
1070,Madison,99582
1071,Magoffin,11118
1072,Marion,19851
1073,Marshall,31734
1074,Martin,10696
1075,Mason,16956
1076,Meade,30442
1077,Menifee,6341
1078,Mercer,23515
1079,Metcalfe,10558
1080,Monroe,11163
1081,Montgomery,28771
1082,Morgan,14300
1083,Muhlenberg,30512
1084,Nelson,48706
1085,Nicholas,7816
1086,Ohio,23933
1087,Oldham,70525
1088,Owen,11435
1089,Owsley,3928
1090,Pendleton,14844
1091,Perry,26739
1092,Pike,55430
1093,Powell,12928
1094,Pulaski,66842
1095,Robertson,2382
1096,Rockcastle,16226
1097,Rowan,24675
1098,Russell,18458
1099,Scott,61700
1100,Shelby,50124
1101,Simpson,20350
1102,Spencer,20823
1103,Taylor,26809
1104,Todd,12757
1105,Trigg,14559
1106,Trimble,8591
1107,Union,13178
1108,Warren,147936
1109,Washington,12269
1110,Wayne,19629
1111,Webster,12854
1112,Whitley,37233
1113,Wolfe,6364
1114,Woodford,27728
1115,,56604
1116,,22501
1117,,133534
1118,,20050
1119,,38373
1120,,36695
1121,,12412
1122,,131102
1123,,224893
1124,,206861
1125,,9393
1126,,4678
1127,,8280
1128,,13537
1129,,17797
1130,,27274
1131,,453022
1132,,6892
1133,,19112
1134,,31745
1135,,19107
1136,,22109
1137,,67540
1138,,29766
1139,,14797
1140,,427253
1141,,31436
1142,,254241
1143,,95342
1144,,14702
1145,,48243
1146,,152886
1147,,9093
1148,,23787
1149,,35982
1150,,362701
1151,,157874
1152,,22289
1153,,19845
1154,,125899
1155,,7238
1156,,19643
1157,,21746
1158,,44783
1159,,50400
1160,,10857
1161,,19110
1162,,39694
1163,,80869
1164,,51218
1165,,46799
1166,,277615
1167,,139823
1168,,3844
1169,,103864
1170,,20617
1171,,57641
1172,,45819
1173,,45090
1174,,35184
1175,,28425
1176,,9254
1177,,15155
1178,,13405
1179,Androscoggin,115272
1180,Aroostook,66776
1181,Cumberland,313809
1182,Franklin,30902
1183,Hancock,56946
1184,Kennebec,128461
1185,Knox,40981
1186,Lincoln,36491
1187,Oxford,60039
1188,Penobscot,156840
1189,Piscataquis,17432
1190,Sagadahoc,37582
1191,Somerset,51338
1192,Waldo,40617
1193,Washington,31383
1194,York,220143
1195,Allegany,67097
1196,Anne Arundel,602350
1197,Baltimore,852425
1198,Calvert,94913
1199,Caroline,34248
1200,Carroll,177108
1201,Cecil,106305
1202,Charles,174478
1203,Dorchester,33138
1204,Frederick,299317
1205,Garrett,28393
1206,Harford,265514
1207,Howard,339668
1208,Kent,19557
1209,Montgomery,1082273
1210,Prince George's,966629
1211,Queen Anne's,53688
1212,St. Mary's,116469
1213,Somerset,25241
1214,Talbot,38244
1215,Washington,157228
1216,Wicomico,106329
1217,Worcester,54337
1218,,568271
1219,Barnstable,232570
1220,Berkshire,128726
1221,Bristol,588593
1222,Dukes,21061
1223,Essex,823938
1224,Franklin,70871
1225,Hampden,464151
1226,Hampshire,165399
1227,Middlesex,1668956
1228,Nantucket,14670
1229,Norfolk,740754
1230,Plymouth,542090
1231,Suffolk,793144
1232,Worcester,881248
1233,Alcona,10624
1234,Alger,8695
1235,Allegan,122429
1236,Alpena,28903
1237,Antrim,24536
1238,Arenac,15087
1239,Baraga,8169
1240,Barry,64025
1241,Bay,102651
1242,Benzie,18520
1243,Berrien,152703
1244,Branch,46187
1245,Calhoun,133785
1246,Cass,51550
1247,Charlevoix,26105
1248,Cheboygan,25964
1249,Chippewa,36253
1250,Clare,31405
1251,Clinton,80050
1252,Crawford,13599
1253,Delta,36687
1254,Dickinson,25995
1255,Eaton,109494
1256,Emmet,33949
1257,Genesee,402279
1258,Gladwin,25995
1259,Gogebic,14217
1260,Grand Traverse,96625
1261,Gratiot,41372
1262,Hillsdale,45590
1263,Houghton,38041
1264,Huron,30780
1265,Ingham,290427
1266,Ionia,66250
1267,Iosco,25361
1268,Iron,11709
1269,Isabella,65072
1270,Jackson,160233
1271,Kalamazoo,264780
1272,Kalkaska,18618
1273,Kent,673002
1274,Keweenaw,2161
1275,Lake,13005
1276,Lapeer,89168
1277,Leelanau,22871
1278,Lenawee,97746
1279,Livingston,196976
1280,Luce,6328
1281,Mackinac,11144
1282,Macomb,886175
1283,Manistee,25519
1284,Marquette,67979
1285,Mason,29093
1286,Mecosta,41947
1287,Menominee,23050
1288,Midland,84022
1289,Missaukee,15239
1290,Monroe,156045
1291,Montcalm,69314
1292,Montmorency,9828
1293,Muskegon,177428
1294,Newaygo,51504
1295,Oakland,1296888
1296,Oceana,27014
1297,Ogemaw,20985
1298,Ontonagon,5824
1299,Osceola,23484
1300,Oscoda,8596
1301,Otsego,26083
1302,Ottawa,306235
1303,Presque Isle,13230
1304,Roscommon,23932
1305,Saginaw,187714
1306,St. Clair,160308
1307,St. Joseph,61171
1308,Sanilac,40293
1309,Schoolcraft,8178
1310,Shiawassee,67982
1311,Tuscola,52757
1312,Van Buren,76129
1313,Washtenaw,373875
1314,Wayne,1771063
1315,Wexford,34460
1316,Aitkin,16335
1317,Anoka,376840
1318,Becker,35444
1319,Beltrami,46762
1320,Benton,41881
1321,Big Stone,5067
1322,Blue Earth,70700
1323,Brown,25710
1324,Carlton,36745
1325,Carver,112628
1326,Cass,31442
1327,Chippewa,12299
1328,Chisago,59105
1329,Clay,66848
1330,Clearwater,8630
1331,Cook,5571
1332,Cottonwood,11338
1333,Crow Wing,68642
1334,Dakota,453156
1335,Dodge,21242
1336,Douglas,39933
1337,Faribault,13886
1338,Fillmore,21502
1339,Freeborn,30314
1340,Goodhue,47982
1341,Grant,6109
1342,Hennepin,1273334
1343,Houston,18352
1344,Hubbard,22050
1345,Isanti,43687
1346,Itasca,45442
1347,Jackson,9861
1348,Kanabec,16608
1349,Kandiyohi,44674
1350,Kittson,3992
1351,Koochiching,11594
1352,Lac qui Parle,6636
1353,Lake,10698
1354,Lake of the Woods,3797
1355,Le Sueur,29458
1356,Lincoln,5564
1357,Lyon,25577
1358,McLeod,36780
1359,Mahnomen,5296
1360,Marshall,8771
1361,Martin,19561
1362,Meeker,23491
1363,Mille Lacs,27577
1364,Morrison,34520
1365,Mower,40900
1366,Murray,8044
1367,Nicollet,34493
1368,Nobles,21969
1369,Norman,6284
1370,Olmsted,166424
1371,Otter Tail,60884
1372,Pennington,13652
1373,Pine,30319
1374,Pipestone,9100
1375,Polk,30413
1376,Pope,11495
1377,Ramsey,542015
1378,Red Lake,3882
1379,Redwood,15254
1380,Renville,14453
1381,Rice,69025
1382,Rock,9525
1383,Roseau,15265
1384,St. Louis,200794
1385,Scott,157206
1386,Sherburne,103059
1387,Sibley,15194
1388,Stearns,163997
1389,Steele,37434
1390,Stevens,9819
1391,Swift,9666
1392,Todd,25955
1393,Traverse,3134
1394,Wabasha,21574
1395,Wadena,14437
1396,Waseca,18684
1397,Washington,283960
1398,Watonwan,11204
1399,Wilkin,6268
1400,Winona,49973
1401,Wright,154593
1402,Yellow Medicine,9373
1403,Adams,28674
1404,Alcorn,34228
1405,Amite,12451
1406,Attala,17222
1407,Benton,7566
1408,Bolivar,28395
1409,Calhoun,12754
1410,Carroll,9378
1411,Chickasaw,16774
1412,Choctaw,8091
1413,Claiborne,8122
1414,Clarke,15155
1415,Clay,18213
1416,Coahoma,20105
1417,Copiah,27536
1418,Covington,18015
1419,DeSoto,195871
1420,Forrest,78435
1421,Franklin,7516
1422,George,25880
1423,Greene,13675
1424,Grenada,20931
1425,Hancock,46492
1426,Harrison,213730
1427,Hinds,211975
1428,Holmes,15560
1429,Humphreys,7121
1430,Issaquena,1295
1431,Itawamba,24198
1432,Jackson,147002
1433,Jasper,15799
1434,Jefferson,6900
1435,Jefferson Davis,11059
1436,Jones,65837
1437,Kemper,8562
1438,Lafayette,59843
1439,Lamar,66734
1440,Lauderdale,70588
1441,Lawrence,11672
1442,Leake,21462
1443,Lee,83012
1444,Leflore,26157
1445,Lincoln,34956
1446,Lowndes,57210
1447,Madison,114247
1448,Marion,24008
1449,Marshall,34374
1450,Monroe,33483
1451,Montgomery,9411
1452,Neshoba,28973
1453,Newton,21063
1454,Noxubee,9825
1455,Oktibbeha,51965
1456,Panola,32764
1457,Pearl River,59030
1458,Perry,11406
1459,Pike,38980
1460,Pontotoc,32014
1461,Prentiss,25489
1462,Quitman,5542
1463,Rankin,160573
1464,Scott,27666
1465,Sharkey,3234
1466,Simpson,25597
1467,Smith,14051
1468,Stone,19569
1469,Sunflower,23029
1470,Tallahatchie,10921
1471,Tate,28551
1472,Tippah,21423
1473,Tishomingo,18553
1474,Tunica,9157
1475,Union,28363
1476,Walthall,13839
1477,Warren,42105
1478,Washington,41181
1479,Wayne,19749
1480,Webster,10039
1481,Wilkinson,7820
1482,Winston,17418
1483,Yalobusha,12458
1484,Yazoo,23024
1485,Adair,25660
1486,Andrew,18091
1487,Atchison,5139
1488,Audrain,24304
1489,Barry,35618
1490,Barton,11717
1491,Bates,16394
1492,Benton,20614
1493,Bollinger,10610
1494,Boone,192154
1495,Buchanan,83574
1496,Butler,41814
1497,Caldwell,9000
1498,Callaway,45126
1499,Camden,44135
1500,Cape Girardeau,83658
1501,Carroll,8414
1502,Carter,5359
1503,Cass,113873
1504,Cedar,15023
1505,Chariton,7397
1506,Christian,96045
1507,Clark,6623
1508,Clay,263370
1509,Clinton,21721
1510,Cole,77625
1511,Cooper,17122
1512,Crawford,22808
1513,Dade,7622
1514,Dallas,17877
1515,Daviess,8541
1516,DeKalb,9884
1517,Dent,14721
1518,Douglas,12290
1519,Dunklin,27002
1520,Franklin,107256
1521,Gasconade,14655
1522,Gentry,6298
1523,Greene,307942
1524,Grundy,9766
1525,Harrison,8186
1526,Henry,22575
1527,Hickory,8766
1528,Holt,4241
1529,Howard,10150
1530,Howell,40762
1531,Iron,9420
1532,Jackson,727362
1533,Jasper,126479
1534,Jefferson,231888
1535,Johnson,55880
1536,Knox,3740
1537,Laclede,36738
1538,Lafayette,33511
1539,Lawrence,39151
1540,Lewis,9852
1541,Lincoln,65888
1542,Linn,11910
1543,Livingston,14658
1544,McDonald,24054
1545,Macon,15177
1546,Madison,12852
1547,Maries,8506
1548,Marion,28425
1549,Mercer,3452
1550,Miller,25668
1551,Mississippi,11750
1552,Moniteau,15294
1553,Monroe,8890
1554,Montgomery,11511
1555,Morgan,22399
1556,New Madrid,15212
1557,Newton,61519
1558,Nodaway,20503
1559,Oregon,8699
1560,Osage,13478
1561,Ozark,9090
1562,Pemiscot,14407
1563,Perry,19100
1564,Pettis,43791
1565,Phelps,45672
1566,Pike,17961
1567,Platte,113207
1568,Polk,33070
1569,Pulaski,53964
1570,Putnam,4539
1571,Ralls,10499
1572,Randolph,24077
1573,Ray,23199
1574,Reynolds,5927
1575,Ripley,10715
1576,St. Charles,423726
1577,St. Clair,9848
1578,Ste. Genevieve,18546
1579,St. Francois,67503
1580,St. Louis,992929
1581,Saline,23325
1582,Schuyler,4069
1583,Scotland,4698
1584,Scott,37957
1585,Shannon,7275
1586,Shelby,5926
1587,Stoddard,28438
1588,Stone,32630
1589,Sullivan,5750
1590,Taney,56744
1591,Texas,25715
1592,Vernon,19787
1593,Warren,38478
1594,Washington,23583
1595,Wayne,10820
1596,Webster,42041
1597,Worth,1872
1598,Wright,19505
1599,,279695
1600,Beaverhead,10006
1601,Big Horn,12796
1602,Blaine,6903
1603,Broadwater,8302
1604,Carbon,11498
1605,Carter,1399
1606,Cascade,84523
1607,Chouteau,5880
1608,Custer,11964
1609,Daniels,1625
1610,Dawson,8731
1611,Deer Lodge,9811
1612,Fallon,2946
1613,Fergus,11862
1614,Flathead,114527
1615,Gallatin,126984
1616,Garfield,1181
1617,Glacier,13503
1618,Golden Valley,863
1619,Granite,3602
1620,Hill,16065
1621,Jefferson,13304
1622,Judith Basin,2111
1623,Lake,33403
1624,Lewis and Clark,75129
1625,Liberty,1934
1626,Lincoln,22184
1627,McCone,1717
1628,Madison,9753
1629,Meagher,2065
1630,Mineral,5195
1631,Missoula,122546
1632,Musselshell,5452
1633,Park,18074
1634,Petroleum,525
1635,Phillips,4214
1636,Pondera,6078
1637,Powder River,1734
1638,Powell,7120
1639,Prairie,1112
1640,Ravalli,48187
1641,Richland,11028
1642,Roosevelt,10197
1643,Rosebud,8194
1644,Sanders,13895
1645,Sheridan,3448
1646,Silver Bow,36134
1647,Stillwater,9450
1648,Sweet Grass,3757
1649,Teton,6444
1650,Toole,5153
1651,Treasure,739
1652,Valley,7434
1653,Wheatland,2058
1654,Wibaux,911
1655,Yellowstone,171583
1656,Adams,31196
1657,Antelope,6358
1658,Arthur,423
1659,Banner,665
1660,Blaine,454
1661,Boone,5354
1662,Box Butte,10703
1663,Boyd,1700
1664,Brown,2877
1665,Buffalo,51156
1666,Burt,6727
1667,Butler,8439
1668,Cass,27492
1669,Cedar,8262
1670,Chase,3764
1671,Cherry,5558
1672,Cheyenne,9602
1673,Clay,6103
1674,Colfax,10826
1675,Cuming,8952
1676,Custer,10487
1677,Dakota,21335
1678,Dawes,8003
1679,Dawson,24554
1680,Deuel,1892
1681,Dixon,5526
1682,Dodge,37884
1683,Douglas,601158
1684,Dundy,1581
1685,Fillmore,5512
1686,Franklin,2817
1687,Frontier,2536
1688,Furnas,4468
1689,Gage,21687
1690,Garden,1804
1691,Garfield,1707
1692,Gosper,1808
1693,Grant,573
1694,Greeley,2197
1695,Hall,62869
1696,Hamilton,9564
1697,Harlan,3018
1698,Hayes,846
1699,Hitchcock,2460
1700,Holt,10120
1701,Hooker,698
1702,Howard,6572
1703,Jefferson,7136
1704,Johnson,5219
1705,Kearney,6749
1706,Keith,8148
1707,Keya Paha,819
1708,Kimball,3305
1709,Knox,8306
1710,Lancaster,332857
1711,Lincoln,33319
1712,Logan,694
1713,Loup,582
1714,McPherson,376
1715,Madison,35579
1716,Merrick,7837
1717,Morrill,4485
1718,Nance,3262
1719,Nemaha,7046
1720,Nuckolls,4094
1721,Otoe,16591
1722,Pawnee,2521
1723,Perkins,2779
1724,Phelps,9042
1725,Pierce,7334
1726,Platte,35499
1727,Polk,5269
1728,Red Willow,10409
1729,Richardson,7666
1730,Rock,1241
1731,Saline,14740
1732,Sarpy,204828
1733,Saunders,23406
1734,Scotts Bluff,35734
1735,Seward,17769
1736,Sheridan,4927
1737,Sherman,2949
1738,Sioux,1099
1739,Stanton,5756
1740,Thayer,4870
1741,Thomas,634
1742,Thurston,6637
1743,Valley,4032
1744,Washington,21254
1745,Wayne,9870
1746,Webster,3326
1747,Wheeler,808
1748,York,14375
1749,Churchill,26033
1750,Clark,2398871
1751,Douglas,49564
1752,Elko,54363
1753,Esmeralda,720
1754,Eureka,1877
1755,Humboldt,17116
1756,Lander,5785
1757,Lincoln,4345
1758,Lyon,63718
1759,Mineral,4475
1760,Nye,55990
1761,Pershing,6536
1762,Storey,4112
1763,Washoe,507280
1764,White Pine,8534
1765,,58148
1766,Belknap,65257
1767,Carroll,52580
1768,Cheshire,78078
1769,Coos,31094
1770,Grafton,93045
1771,Hillsborough,430462
1772,Merrimack,157869
1773,Rockingham,322433
1774,Strafford,134202
1775,Sullivan,44012
1776,Atlantic,279114
1777,Bergen,978641
1778,Burlington,475515
1779,Camden,533988
1780,Cape May,93875
1781,Cumberland,155678
1782,Essex,881527
1783,Gloucester,311783
1784,Hudson,736185
1785,Hunterdon,131708
1786,Mercer,392138
1787,Middlesex,890119
1788,Monmouth,647520
1789,Morris,523053
1790,Ocean,666434
1791,Passaic,526597
1792,Salem,65874
1793,Somerset,357467
1794,Sussex,147444
1795,Union,594160
1796,Warren,112031
1797,Bernalillo,671747
1798,Catron,3795
1799,Chaves,63697
1800,Cibola,26686
1801,Colfax,12307
1802,Curry,47156
1803,De Baca,1657
1804,Do√±a Ana,229366
1805,Eddy,61436
1806,Grant,27541
1807,Guadalupe,4385
1808,Harding,635
1809,Hidalgo,3966
1810,Lea,75151
1811,Lincoln,20025
1812,Los Alamos,19675
1813,Luna,25878
1814,McKinley,68945
1815,Mora,4096
1816,Otero,69711
1817,Quay,8403
1818,Rio Arriba,39955
1819,Roosevelt,18713
1820,Sandoval,157757
1821,San Juan,120817
1822,San Miguel,26428
1823,Santa Fe,157765
1824,Sierra,11389
1825,Socorro,15967
1826,Taos,34482
1827,Torrance,15986
1828,Union,3926
1829,Valencia,80813
1830,Albany,319964
1831,Allegany,47299
1832,Bronx,1384724
1833,Broome,196397
1834,Cattaraugus,75475
1835,Cayuga,74567
1836,Chautauqua,124105
1837,Chemung,81115
1838,Chenango,45776
1839,Clinton,77871
1840,Columbia,60299
1841,Cortland,45945
1842,Delaware,44191
1843,Dutchess,299963
1844,Erie,950602
1845,Essex,36744
1846,Franklin,47086
1847,Fulton,52073
1848,Genesee,57604
1849,Greene,46903
1850,Hamilton,5082
1851,Herkimer,59585
1852,Jefferson,113140
1853,Kings,2617631
1854,Lewis,26570
1855,Livingston,61561
1856,Madison,67072
1857,Monroe,752202
1858,Montgomery,49648
1859,Nassau,1392438
1860,New York,1660664
1861,Niagara,209570
1862,Oneida,228347
1863,Onondaga,469812
1864,Ontario,113012
1865,Orange,411767
1866,Orleans,39686
1867,Oswego,118305
1868,Otsego,60524
1869,Putnam,98409
1870,Queens,2316841
1871,Rensselaer,160749
1872,Richmond,498212
1873,Rockland,348144
1874,St. Lawrence,106198
1875,Saratoga,240360
1876,Schenectady,162261
1877,Schoharie,30151
1878,Schuyler,17121
1879,Seneca,32650
1880,Steuben,92015
1881,Suffolk,1535909
1882,Sullivan,80450
1883,Tioga,47574
1884,Tompkins,105602
1885,Ulster,182977
1886,Warren,65288
1887,Washington,59839
1888,Wayne,90757
1889,Westchester,1006447
1890,Wyoming,39588
1891,Yates,24387
1892,Alamance,183040
1893,Alexander,36693
1894,Alleghany,11379
1895,Anson,22432
1896,Ashe,27266
1897,Avery,17811
1898,Beaufort,44576
1899,Bertie,16939
1900,Bladen,29777
1901,Brunswick,167112
1902,Buncombe,279210
1903,Burke,88545
1904,Cabarrus,244925
1905,Caldwell,80739
1906,Camden,11184
1907,Carteret,70259
1908,Caswell,22363
1909,Catawba,167054
1910,Chatham,83874
1911,Cherokee,30373
1912,Chowan,13891
1913,Clay,12042
1914,Cleveland,102194
1915,Columbus,50054
1916,Craven,104167
1917,Cumberland,338430
1918,Currituck,32278
1919,Dare,38183
1920,Davidson,177809
1921,Davie,45383
1922,Duplin,50539
1923,Durham,343628
1924,Edgecombe,49124
1925,Forsyth,398143
1926,Franklin,79771
1927,Gaston,242010
1928,Gates,10299
1929,Graham,8179
1930,Granville,61544
1931,Greene,20671
1932,Guilford,558816
1933,Halifax,46992
1934,Harnett,146096
1935,Haywood,63048
1936,Henderson,120771
1937,Hertford,19169
1938,Hoke,55382
1939,Hyde,4583
1940,Iredell,206361
1941,Jackson,45281
1942,Johnston,249794
1943,Jones,9462
1944,Lee,68537
1945,Lenoir,55332
1946,Lincoln,97611
1947,McDowell,45269
1948,Macon,38717
1949,Madison,22352
1950,Martin,21523
1951,Mecklenburg,1206285
1952,Mitchell,15030
1953,Montgomery,26364
1954,Moore,108417
1955,Nash,97990
1956,New Hanover,243333
1957,Northampton,16580
1958,Onslow,212954
1959,Orange,152877
1960,Pamlico,12550
1961,Pasquotank,41418
1962,Pender,70077
1963,Perquimans,13460
1964,Person,40143
1965,Pitt,180783
1966,Polk,20320
1967,Randolph,148389
1968,Richmond,41990
1969,Robeson,118624
1970,Rockingham,93517
1971,Rowan,153384
1972,Rutherford,65587
1973,Sampson,60404
1974,Scotland,33898
1975,Stanly,67326
1976,Stokes,45857
1977,Surry,71547
1978,Swain,13945
1979,Transylvania,34103
1980,Tyrrell,3517
1981,Union,263386
1982,Vance,42337
1983,Wake,1232444
1984,Warren,19081
1985,Washington,10654
1986,Watauga,54997
1987,Wayne,120338
1988,Wilkes,66186
1989,Wilson,79958
1990,Yadkin,37995
1991,Yancey,18993
1992,Adams,2141
1993,Barnes,10798
1994,Benson,5756
1995,Billings,1063
1996,Bottineau,6391
1997,Bowman,2886
1998,Burke,2154
1999,Burleigh,103107
2000,Cass,200945
2001,Cavalier,3567
2002,Dickey,4930
2003,Divide,2124
2004,Dunn,4031
2005,Eddy,2309
2006,Emmons,3209
2007,Foster,3323
2008,Golden Valley,1795
2009,Grand Forks,73771
2010,Grant,2247
2011,Griggs,2227
2012,Hettinger,2419
2013,Kidder,2371
2014,LaMoure,4051
2015,Logan,1880
2016,McHenry,5135
2017,McIntosh,2461
2018,McKenzie,14782
2019,McLean,9845
2020,Mercer,8348
2021,Morton,34194
2022,Mountrail,9474
2023,Nelson,3007
2024,Oliver,1882
2025,Pembina,6588
2026,Pierce,3853
2027,Ramsey,11510
2028,Ransom,5590
2029,Renville,2376
2030,Richland,16658
2031,Rolette,11692
2032,Sargent,3710
2033,Sheridan,1268
2034,Sioux,3713
2035,Slope,660
2036,Stark,33767
2037,Steele,1767
2038,Stutsman,21546
2039,Towner,2051
2040,Traill,7989
2041,Walsh,10214
2042,Ward,68427
2043,Wells,3803
2044,Williams,40763
2045,Adams,27671
2046,Allen,100866
2047,Ashland,52420
2048,Ashtabula,96906
2049,Athens,63218
2050,Auglaize,45922
2051,Belmont,64692
2052,Brown,44292
2053,Butler,399542
2054,Carroll,26460
2055,Champaign,38907
2056,Clark,134985
2057,Clermont,214123
2058,Clinton,42019
2059,Columbiana,99823
2060,Coshocton,37003
2061,Crawford,41626
2062,Cuyahoga,1240594
2063,Darke,51462
2064,Defiance,38644
2065,Delaware,237966
2066,Erie,73841
2067,Fairfield,167762
2068,Fayette,28782
2069,Franklin,1356303
2070,Fulton,42028
2071,Gallia,28886
2072,Geauga,95362
2073,Greene,172347
2074,Guernsey,38219
2075,Hamilton,837359
2076,Hancock,75016
2077,Hardin,30402
2078,Harrison,14042
2079,Henry,27536
2080,Highland,43785
2081,Hocking,27429
2082,Holmes,44668
2083,Huron,58168
2084,Jackson,32723
2085,Jefferson,63900
2086,Knox,63848
2087,Lake,232360
2088,Lawrence,55829
2089,Licking,184898
2090,Logan,46085
2091,Lorain,322030
2092,Lucas,426291
2093,Madison,45531
2094,Mahoning,225786
2095,Marion,64976
2096,Medina,184625
2097,Meigs,21491
2098,Mercer,42648
2099,Miami,111950
2100,Monroe,13051
2101,Montgomery,537443
2102,Morgan,13532
2103,Morrow,35927
2104,Muskingum,86582
2105,Noble,14269
2106,Ottawa,39692
2107,Paulding,18755
2108,Perry,35682
2109,Pickaway,62158
2110,Pike,27065
2111,Portage,163839
2112,Preble,40801
2113,Putnam,34206
2114,Richland,124853
2115,Ross,76046
2116,Sandusky,58866
2117,Scioto,71798
2118,Seneca,54730
2119,Shelby,47952
2120,Stark,374091
2121,Summit,538370
2122,Trumbull,200300
2123,Tuscarawas,92048
2124,Union,71721
2125,Van Wert,28887
2126,Vinton,12545
2127,Warren,256059
2128,Washington,58332
2129,Wayne,116632
2130,Williams,36554
2131,Wood,133077
2132,Wyandot,21394
2133,Adair,19821
2134,Alfalfa,5712
2135,Atoka,14600
2136,Beaver,5025
2137,Beckham,22248
2138,Blaine,8573
2139,Bryan,50305
2140,Caddo,26337
2141,Canadian,181760
2142,Carter,49135
2143,Cherokee,48729
2144,Choctaw,14174
2145,Cimarron,2133
2146,Cleveland,303952
2147,Coal,5414
2148,Comanche,121396
2149,Cotton,5503
2150,Craig,14506
2151,Creek,73971
2152,Custer,28266
2153,Delaware,41771
2154,Dewey,4268
2155,Ellis,3601
2156,Garfield,62007
2157,Garvin,26149
2158,Grady,58353
2159,Grant,4123
2160,Greer,5433
2161,Harmon,2315
2162,Harper,3209
2163,Haskell,11811
2164,Hughes,13371
2165,Jackson,24541
2166,Jefferson,5374
2167,Johnston,10293
2168,Kay,43437
2169,Kingfisher,15820
2170,Kiowa,8257
2171,Latimer,9509
2172,Le Flore,49854
2173,Lincoln,34972
2174,Logan,53860
2175,Love,10423
2176,McClain,48434
2177,McCurtain,30805
2178,McIntosh,19710
2179,Major,7569
2180,Marshall,16147
2181,Mayes,40144
2182,Murray,13754
2183,Muskogee,66752
2184,Noble,10896
2185,Nowata,9561
2186,Okfuskee,11364
2187,Oklahoma,816490
2188,Okmulgee,37084
2189,Osage,46495
2190,Ottawa,30404
2191,Pawnee,16111
2192,Payne,84199
2193,Pittsburg,43395
2194,Pontotoc,38310
2195,Pottawatomie,74446
2196,Pushmataha,10800
2197,Roger Mills,3304
2198,Rogers,101371
2199,Seminole,23351
2200,Sequoyah,40555
2201,Stephens,44075
2202,Texas,20577
2203,Tillman,6736
2204,Tulsa,693514
2205,Wagoner,91257
2206,Washington,54060
2207,Washita,10839
2208,Woods,8582
2209,Woodward,19991
2210,Baker,16750
2211,Benton,98899
2212,Clackamas,425857
2213,Clatsop,41043
2214,Columbia,54063
2215,Coos,64326
2216,Crook,27336
2217,Curry,22774
2218,Deschutes,211535
2219,Douglas,112255
2220,Gilliam,1971
2221,Grant,7093
2222,Harney,7402
2223,Hood River,23764
2224,Jackson,221331
2225,Jefferson,25536
2226,Josephine,88276
2227,Klamath,70438
2228,Lake,8194
2229,Lane,382396
2230,Lincoln,51212
2231,Linn,132474
2232,Malheur,32315
2233,Marion,352867
2234,Morrow,12360
2235,Multnomah,795897
2236,Polk,90549
2237,Sherman,2002
2238,Tillamook,27264
2239,Umatilla,80491
2240,Union,26058
2241,Wallowa,7522
2242,Wasco,26507
2243,Washington,611272
2244,Wheeler,1456
2245,Yamhill,110886
2246,Adams,107914
2247,Allegheny,1231814
2248,Armstrong,63679
2249,Beaver,165540
2250,Bedford,47643
2251,Berks,439117
2252,Blair,120269
2253,Bradford,59699
2254,Bucks,650131
2255,Butler,199341
2256,Cambria,130108
2257,Cameron,4348
2258,Carbon,65743
2259,Centre,159805
2260,Chester,560745
2261,Clarion,36855
2262,Clearfield,78132
2263,Clinton,37865
2264,Columbia,66012
2265,Crawford,82089
2266,Cumberland,275516
2267,Dauphin,293029
2268,Delaware,584882
2269,Elk,30124
2270,Erie,267750
2271,Fayette,123941
2272,Forest,6601
2273,Franklin,159285
2274,Fulton,14452
2275,Greene,33960
2276,Huntingdon,43359
2277,Indiana,82953
2278,Jefferson,43367
2279,Juniata,23395
2280,Lackawanna,216859
2281,Lancaster,563293
2282,Lawrence,84233
2283,Lebanon,145319
2284,Lehigh,385655
2285,Luzerne,331379
2286,Lycoming,113236
2287,McKean,39478
2288,Mercer,108140
2289,Mifflin,45935
2290,Monroe,166523
2291,Montgomery,879190
2292,Montour,18115
2293,Northampton,322989
2294,Northumberland,90027
2295,Perry,46816
2296,Philadelphia,1573916
2297,Pike,62376
2298,Potter,15993
2299,Schuylkill,144523
2300,Snyder,39627
2301,Somerset,72134
2302,Sullivan,5927
2303,Susquehanna,38100
2304,Tioga,40698
2305,Union,42159
2306,Venango,49476
2307,Warren,37373
2308,Washington,210434
2309,Wayne,51419
2310,Westmoreland,350935
2311,Wyoming,25771
2312,York,471240
2313,Bristol,50145
2314,Kent,172450
2315,Newport,83468
2316,Providence,675912
2317,Washington,130333
2318,Abbeville,24607
2319,Aiken,179245
2320,Allendale,7551
2321,Anderson,217183
2322,Bamberg,12870
2323,Barnwell,20495
2324,Beaufort,201775
2325,Berkeley,264276
2326,Calhoun,14249
2327,Charleston,431001
2328,Cherokee,57770
2329,Chester,32323
2330,Chesterfield,44488
2331,Clarendon,31030
2332,Colleton,39259
2333,Darlington,62425
2334,Dillon,27577
2335,Dorchester,174663
2336,Edgefield,29455
2337,Fairfield,20369
2338,Florence,138049
2339,Georgetown,66035
2340,Greenville,570745
2341,Greenwood,70041
2342,Hampton,18172
2343,Horry,413391
2344,Jasper,35618
2345,Kershaw,71698
2346,Lancaster,111652
2347,Laurens,70545
2348,Lee,15958
2349,Lexington,313774
2350,McCormick,9983
2351,Marion,28368
2352,Marlboro,25498
2353,Newberry,39203
2354,Oconee,82475
2355,Orangeburg,83129
2356,Pickens,138207
2357,Richland,430651
2358,Saluda,19452
2359,Spartanburg,369256
2360,Sumter,104776
2361,Union,26678
2362,Williamsburg,29865
2363,York,303001
2364,Aurora,2752
2365,Beadle,19459
2366,Bennett,3289
2367,Bon Homme,7071
2368,Brookings,36359
2369,Brown,37495
2370,Brule,5261
2371,Buffalo,1825
2372,Butte,10891
2373,Campbell,1342
2374,Charles Mix,9343
2375,Clark,3974
2376,Clay,15245
2377,Codington,29278
2378,Corson,3747
2379,Custer,9330
2380,Davison,19907
2381,Day,5408
2382,Deuel,4335
2383,Dewey,5322
2384,Douglas,2849
2385,Edmunds,4027
2386,Fall River,7359
2387,Faulk,2136
2388,Grant,7618
2389,Gregory,4110
2390,Haakon,1834
2391,Hamlin,6596
2392,Hand,3097
2393,Hanson,3477
2394,Harding,1325
2395,Hughes,17526
2396,Hutchinson,7416
2397,Hyde,1215
2398,Jackson,2737
2399,Jerauld,1689
2400,Jones,874
2401,Kingsbury,5261
2402,Lake,11006
2403,Lawrence,28809
2404,Lincoln,75244
2405,Lyman,3721
2406,McCook,5771
2407,McPherson,2307
2408,Marshall,4395
2409,Meade,30918
2410,Mellette,1834
2411,Miner,2303
2412,Minnehaha,208639
2413,Moody,6529
2414,Oglala Lakota,13360
2415,Pennington,115979
2416,Perkins,2832
2417,Potter,2402
2418,Roberts,10283
2419,Sanborn,2392
2420,Spink,6108
2421,Stanley,3015
2422,Sully,1468
2423,Todd,9172
2424,Tripp,5717
2425,Turner,9087
2426,Union,17402
2427,Walworth,5270
2428,Yankton,23509
2429,Ziebach,2418
2430,Anderson,81449
2431,Bedford,54228
2432,Benton,16173
2433,Bledsoe,15591
2434,Blount,142211
2435,Bradley,113782
2436,Campbell,40238
2437,Cannon,15142
2438,Carroll,29107
2439,Carter,57434
2440,Cheatham,42604
2441,Chester,17876
2442,Claiborne,33070
2443,Clay,7857
2444,Cocke,37596
2445,Coffee,61285
2446,Crockett,13973
2447,Cumberland,65618
2448,Davidson,729505
2449,Decatur,11800
2450,DeKalb,21747
2451,Dickson,57641
2452,Dyer,36403
2453,Fayette,44476
2454,Fentress,20129
2455,Franklin,45137
2456,Gibson,51422
2457,Giles,30971
2458,Grainger,25073
2459,Greene,73398
2460,Grundy,14148
2461,Hamblen,67715
2462,Hamilton,386256
2463,Hancock,7038
2464,Hardeman,25434
2465,Hardin,27617
2466,Hawkins,59371
2467,Haywood,17097
2468,Henderson,28183
2469,Henry,32883
2470,Hickman,25859
2471,Houston,8538
2472,Humphreys,19554
2473,Jackson,12376
2474,Jefferson,59217
2475,Johnson,18506
2476,Knox,506748
2477,Lake,6422
2478,Lauderdale,24630
2479,Lawrence,46467
2480,Lewis,13418
2481,Lincoln,36751
2482,Loudon,62129
2483,McMinn,56754
2484,McNairy,26103
2485,Macon,27189
2486,Madison,100409
2487,Marion,29826
2488,Marshall,37847
2489,Maury,113411
2490,Meigs,13937
2491,Monroe,49154
2492,Montgomery,246025
2493,Moore,6773
2494,Morgan,21954
2495,Obion,30261
2496,Overton,23551
2497,Perry,8987
2498,Pickett,5108
2499,Polk,18338
2500,Putnam,84894
2501,Rhea,34759
2502,Roane,56742
2503,Robertson,78459
2504,Rutherford,376996
2505,Scott,22517
2506,Sequatchie,17620
2507,Sevier,100184
2508,Shelby,910530
2509,Smith,20783
2510,Stewart,14365
2511,Sullivan,162703
2512,Sumner,211721
2513,Tipton,62187
2514,Trousdale,12159
2515,Unicoi,17872
2516,Union,21064
2517,Van Buren,6686
2518,Warren,43619
2519,Washington,139642
2520,Wayne,15974
2521,Weakley,33162
2522,White,29108
2523,Williamson,269136
2524,Wilson,169948
2525,Anderson,59512
2526,Andrews,18923
2527,Angelina,88094
2528,Aransas,25595
2529,Archer,9155
2530,Armstrong,1809
2531,Atascosa,52783
2532,Austin,32546
2533,Bailey,7031
2534,Bandera,22830
2535,Bastrop,114931
2536,Baylor,3533
2537,Bee,31226
2538,Bell,399578
2539,Bexar,2127737
2540,Blanco,13358
2541,Borden,557
2542,Bosque,19013
2543,Bowie,91992
2544,Brazoria,413224
2545,Brazos,249624
2546,Brewster,9508
2547,Briscoe,1494
2548,Brooks,6740
2549,Brown,38631
2550,Burleson,20179
2551,Burnet,55722
2552,Caldwell,52430
2553,Calhoun,19942
2554,Callahan,14615
2555,Cameron,431874
2556,Camp,13164
2557,Carson,5822
2558,Cass,28622
2559,Castro,7380
2560,Chambers,56179
2561,Cherokee,53223
2562,Childress,6679
2563,Clay,10730
2564,Cochran,2583
2565,Coke,3396
2566,Coleman,7990
2567,Collin,1254658
2568,Collingsworth,2611
2569,Colorado,21475
2570,Comal,201628
2571,Comanche,14359
2572,Concho,3326
2573,Cooke,44258
2574,Coryell,86370
2575,Cottle,1263
2576,Crane,4594
2577,Crockett,2799
2578,Crosby,5030
2579,Culberson,2254
2580,Dallam,7526
2581,Dallas,2656028
2582,Dawson,11758
2583,Deaf Smith,18495
2584,Delta,5647
2585,Denton,1045120
2586,DeWitt,20252
2587,Dickens,1725
2588,Dimmit,8181
2589,Donley,3193
2590,Duval,9585
2591,Eastland,18290
2592,Ector,170022
2593,Edwards,1383
2594,Ellis,232387
2595,El Paso,875784
2596,Erath,44496
2597,Falls,17752
2598,Fannin,38650
2599,Fayette,25488
2600,Fisher,3665
2601,Floyd,5042
2602,Foard,1053
2603,Fort Bend,958434
2604,Franklin,10912
2605,Freestone,20645
2606,Frio,19520
2607,Gaines,22892
2608,Galveston,367407
2609,Garza,4645
2610,Gillespie,28159
2611,Glasscock,1153
2612,Goliad,7221
2613,Gonzales,20040
2614,Gray,20888
2615,Grayson,150532
2616,Gregg,126679
2617,Grimes,33448
2618,Guadalupe,195166
2619,Hale,31953
2620,Hall,2828
2621,Hamilton,8644
2622,Hansford,5006
2623,Hardeman,3417
2624,Hardin,58670
2625,Harris,5009302
2626,Harrison,71370
2627,Hartley,4996
2628,Haskell,5435
2629,Hays,292029
2630,Hemphill,3134
2631,Henderson,87467
2632,Hidalgo,914820
2633,Hill,38771
2634,Hockley,21505
2635,Hood,69126
2636,Hopkins,38784
2637,Houston,22197
2638,Howard,30833
2639,Hudspeth,3608
2640,Hunt,118729
2641,Hutchinson,19721
2642,Irion,1526
2643,Jack,9398
2644,Jackson,15284
2645,Jasper,32907
2646,Jeff Davis,1778
2647,Jefferson,253948
2648,Jim Hogg,4583
2649,Jim Wells,38886
2650,Johnson,210547
2651,Jones,20850
2652,Karnes,15137
2653,Kaufman,197829
2654,Kendall,51828
2655,Kenedy,330
2656,Kent,703
2657,Kerr,53900
2658,Kimble,4401
2659,King,215
2660,Kinney,3191
2661,Kleberg,30442
2662,Knox,3255
2663,Lamar,51249
2664,Lamb,12687
2665,Lampasas,23539
2666,La Salle,6679
2667,Lavaca,20605
2668,Lee,18451
2669,Leon,16698
2670,Liberty,115042
2671,Limestone,22569
2672,Lipscomb,2880
2673,Live Oak,11967
2674,Llano,23163
2675,Loving,48
2676,Lubbock,327394
2677,Lynn,5952
2678,McCulloch,7448
2679,McLennan,270358
2680,McMullen,565
2681,Madison,13877
2682,Marion,9704
2683,Martin,5179
2684,Mason,3987
2685,Matagorda,36391
2686,Maverick,58829
2687,Medina,55619
2688,Menard,1911
2689,Midland,183587
2690,Milam,26159
2691,Mills,4563
2692,Mitchell,8968
2693,Montague,21890
2694,Montgomery,749613
2695,Moore,21872
2696,Morris,12184
2697,Motley,1015
2698,Nacogdoches,65728
2699,Navarro,56533
2700,Newton,11908
2701,Nolan,14182
2702,Nueces,353125
2703,Ochiltree,9717
2704,Oldham,1823
2705,Orange,86115
2706,Palo Pinto,30231
2707,Panola,23022
2708,Parker,179707
2709,Parmer,9669
2710,Pecos,14712
2711,Polk,54258
2712,Potter,114649
2713,Presidio,5686
2714,Rains,13306
2715,Randall,150547
2716,Reagan,3139
2717,Real,2772
2718,Red River,11696
2719,Reeves,11956
2720,Refugio,6739
2721,Roberts,837
2722,Robertson,17659
2723,Rockwall,137044
2724,Runnels,9751
2725,Rusk,53391
2726,Sabine,10058
2727,San Augustine,7767
2728,San Jacinto,29326
2729,San Patricio,71467
2730,San Saba,5508
2731,Schleicher,2302
2732,Scurry,16211
2733,Shackelford,3169
2734,Shelby,24192
2735,Sherman,2771
2736,Smith,249091
2737,Somervell,10098
2738,Starr,66587
2739,Stephens,9475
2740,Sterling,1387
2741,Stonewall,1235
2742,Sutton,3269
2743,Swisher,6877
2744,Tarrant,2230708
2745,Taylor,148813
2746,Terrell,718
2747,Terry,11602
2748,Throckmorton,1532
2749,Titus,31547
2750,Tom Green,120103
2751,Travis,1363767
2752,Trinity,14489
2753,Tyler,20560
2754,Upshur,44050
2755,Upton,3128
2756,Uvalde,25138
2757,Val Verde,47999
2758,Van Zandt,65304
2759,Victoria,91949
2760,Walker,83722
2761,Waller,65109
2762,Ward,11038
2763,Washington,37810
2764,Webb,272823
2765,Wharton,42035
2766,Wheeler,4824
2767,Wichita,129984
2768,Wilbarger,12455
2769,Willacy,20027
2770,Williamson,727480
2771,Wilson,55415
2772,Winkler,7381
2773,Wise,81275
2774,Wood,48742
2775,Yoakum,7581
2776,Young,18236
2777,Zapata,13819
2778,Zavala,9209
2779,Beaver,7424
2780,Box Elder,64120
2781,Cache,145487
2782,Carbon,20613
2783,Daggett,956
2784,Davis,378470
2785,Duchesne,20803
2786,Emery,10161
2787,Garfield,5290
2788,Grand,9788
2789,Iron,65936
2790,Juab,13297
2791,Kane,8525
2792,Millard,13572
2793,Morgan,13093
2794,Piute,1534
2795,Rich,2752
2796,Salt Lake,1216274
2797,San Juan,14601
2798,Sanpete,30732
2799,Sevier,22520
2800,Summit,43109
2801,Tooele,84488
2802,Uintah,38307
2803,Utah,747234
2804,Wasatch,37858
2805,Washington,207943
2806,Wayne,2608
2807,Weber,276118
2808,Addison,38047
2809,Bennington,37039
2810,Caledonia,30535
2811,Chittenden,170851
2812,Essex,6037
2813,Franklin,51066
2814,Grand Isle,7528
2815,Lamoille,26248
2816,Orange,30050
2817,Orleans,27726
2818,Rutland,60198
2819,Washington,59844
2820,Windham,45627
2821,Windsor,57697
2822,Accomack,33411
2823,Albemarle,117313
2824,Alleghany,14632
2825,Amelia,13716
2826,Amherst,31650
2827,Appomattox,16957
2828,Arlington,239807
2829,Augusta,78622
2830,Bath,4071
2831,Bedford,82182
2832,Bland,6186
2833,Botetourt,34129
2834,Brunswick,15750
2835,Buchanan,18632
2836,Buckingham,17115
2837,Campbell,55342
2838,Caroline,33477
2839,Carroll,29242
2840,Charles City,6564
2841,Charlotte,11258
2842,Chesterfield,389793
2843,Clarke,15598
2844,Craig,4829
2845,Culpeper,56125
2846,Cumberland,10062
2847,Dickenson,13411
2848,Dinwiddie,28576
2849,Essex,10683
2850,Fairfax,1160925
2851,Fauquier,75865
2852,Floyd,15658
2853,Fluvanna,28746
2854,Franklin,55637
2855,Frederick,98109
2856,Giles,16533
2857,Gloucester,40154
2858,Goochland,28223
2859,Grayson,15265
2860,Greene,21744
2861,Greensville,11150
2862,Halifax,33448
2863,Hanover,115309
2864,Henrico,338696
2865,Henry,49385
2866,Highland,2348
2867,Isle of Wight,40942
2868,James City,82797
2869,King and Queen,6747
2870,King George,28816
2871,King William,19232
2872,Lancaster,11062
2873,Lee,21780
2874,Loudoun,443380
2875,Louisa,42109
2876,Lunenburg,12060
2877,Madison,14252
2878,Mathews,8602
2879,Mecklenburg,30824
2880,Middlesex,10949
2881,Montgomery,98998
2882,Nelson,14766
2883,New Kent,27218
2884,Northampton,12004
2885,Northumberland,12397
2886,Nottoway,15632
2887,Orange,38986
2888,Page,23686
2889,Patrick,17308
2890,Pittsylvania,59410
2891,Powhatan,32392
2892,Prince Edward,22276
2893,Prince George,43589
2894,Prince William,497003
2895,Pulaski,33579
2896,Rappahannock,7479
2897,Richmond,9215
2898,Roanoke,97334
2899,Rockbridge,22368
2900,Rockingham,87674
2901,Russell,25420
2902,Scott,21388
2903,Shenandoah,45441
2904,Smyth,29137
2905,Southampton,17941
2906,Spotsylvania,152021
2907,Stafford,168919
2908,Surry,6579
2909,Sussex,10753
2910,Tazewell,38875
2911,Warren,42461
2912,Washington,54098
2913,Westmoreland,19235
2914,Wise,34973
2915,Wythe,28100
2916,York,71410
2917,,159102
2918,,16316
2919,,6581
2920,,44767
2921,,254997
2922,,18674
2923,,5663
2924,,41993
2925,,5402
2926,,26340
2927,,15034
2928,,8373
2929,,29992
2930,,6739
2931,,137596
2932,,51164
2933,,22970
2934,,7802
2935,,80301
2936,,43616
2937,,16611
2938,,13834
2939,,183056
2940,,231105
2941,,3478
2942,,34058
2943,,12854
2944,,96482
2945,,17273
2946,,233655
2947,,97912
2948,,25908
2949,,26361
2950,,103105
2951,,454808
2952,,23498
2953,,16030
2954,,27800
2955,Adams,21039
2956,Asotin,22523
2957,Benton,218190
2958,Chelan,81228
2959,Clallam,77958
2960,Clark,527269
2961,Columbia,4025
2962,Cowlitz,113982
2963,Douglas,45795
2964,Ferry,7543
2965,Franklin,101238
2966,Garfield,2404
2967,Grant,104717
2968,Grays Harbor,77893
2969,Island,86478
2970,Jefferson,33944
2971,King,2340211
2972,Kitsap,281420
2973,Kittitas,48172
2974,Klickitat,24124
2975,Lewis,87049
2976,Lincoln,11862
2977,Mason,69632
2978,Okanogan,44942
2979,Pacific,24245
2980,Pend Oreille,14332
2981,Pierce,941170
2982,San Juan,18668
2983,Skagit,132736
2984,Skamania,12660
2985,Snohomish,864113
2986,Spokane,555947
2987,Stevens,49015
2988,Thurston,302912
2989,Wahkiakum,4800
2990,Walla Walla,62068
2991,Whatcom,234954
2992,Whitman,48399
2993,Yakima,258523
2994,Barbour,15369
2995,Berkeley,136287
2996,Boone,20496
2997,Braxton,12051
2998,Brooke,21285
2999,Cabell,91489
3000,Calhoun,5873
3001,Clay,7689
3002,Doddridge,7615
3003,Fayette,38600
3004,Gilmer,7116
3005,Grant,10971
3006,Greenbrier,31851
3007,Hampshire,23793
3008,Hancock,28054
3009,Hardy,14335
3010,Harrison,64472
3011,Jackson,27718
3012,Jefferson,61264
3013,Kanawha,173906
3014,Lewis,16477
3015,Lincoln,19377
3016,Logan,30560
3017,McDowell,17147
3018,Marion,55649
3019,Marshall,29354
3020,Mason,24770
3021,Mercer,57524
3022,Mineral,26778
3023,Mingo,21712
3024,Monongalia,108697
3025,Monroe,12462
3026,Morgan,17780
3027,Nicholas,24017
3028,Ohio,41090
3029,Pendleton,5944
3030,Pleasants,7358
3031,Pocahontas,7653
3032,Preston,34055
3033,Putnam,57067
3034,Raleigh,72379
3035,Randolph,27190
3036,Ritchie,8170
3037,Roane,13540
3038,Summers,11544
3039,Taylor,16438
3040,Tucker,6573
3041,Tyler,7843
3042,Upshur,23650
3043,Wayne,37589
3044,Webster,7947
3045,Wetzel,13766
3046,Wirt,4924
3047,Wood,82757
3048,Wyoming,19964
3049,Adams,21352
3050,Ashland,16196
3051,Barron,46810
3052,Bayfield,16838
3053,Brown,273909
3054,Buffalo,13464
3055,Burnett,17187
3056,Calumet,53602
3057,Chippewa,67323
3058,Clark,34801
3059,Columbia,58113
3060,Crawford,16008
3061,Dane,588347
3062,Dodge,88635
3063,Door,30512
3064,Douglas,44276
3065,Dunn,46135
3066,Eau Claire,108830
3067,Florence,4673
3068,Fond du Lac,104269
3069,Forest,9506
3070,Grant,52330
3071,Green,37183
3072,Green Lake,19370
3073,Iowa,23963
3074,Iron,6235
3075,Jackson,21027
3076,Jefferson,86245
3077,Juneau,26590
3078,Kenosha,168754
3079,Kewaunee,20751
3080,La Crosse,121060
3081,Lafayette,17306
3082,Langlade,19535
3083,Lincoln,28461
3084,Manitowoc,81513
3085,Marathon,139091
3086,Marinette,42343
3087,Marquette,15743
3088,Menominee,4286
3089,Milwaukee,924740
3090,Monroe,46370
3091,Oconto,40037
3092,Oneida,38175
3093,Outagamie,195390
3094,Ozaukee,93956
3095,Pepin,7555
3096,Pierce,43380
3097,Polk,45831
3098,Portage,72040
3099,Price,14087
3100,Racine,198651
3101,Richland,17123
3102,Rock,165461
3103,Rusk,14168
3104,St. Croix,97954
3105,Sauk,66486
3106,Sawyer,18835
3107,Shawano,41299
3108,Sheboygan,118331
3109,Taylor,20167
3110,Trempealeau,30801
3111,Vernon,31351
3112,Vilas,23948
3113,Walworth,106029
3114,Washburn,16982
3115,Washington,138727
3116,Waukesha,417029
3117,Waupaca,51171
3118,Waushara,25079
3119,Winnebago,173307
3120,Wood,73943
3121,Albany,39288
3122,Big Horn,12084
3123,Campbell,47946
3124,Carbon,14250
3125,Converse,13766
3126,Crook,7775
3127,Fremont,39721
3128,Goshen,12635
3129,Hot Springs,4625
3130,Johnson,8803
3131,Laramie,101783
3132,Lincoln,21000
3133,Natrona,80410
3134,Niobrara,2301
3135,Park,31082
3136,Platte,8512
3137,Sheridan,32978
3138,Sublette,8965
3139,Sweetwater,41273
3140,Teton,23272
3141,Uinta,20621
3142,Washakie,7662
3143,Weston,6866
